CREATE EXTENSION IF NOT EXISTS "uuid-ossp";


CREATE TABLE users (
    id UUID PRIMARY KEY DEFAULT uuid_generate_v4(),
    name TEXT NOT NULL,
    first_name TEXT NOT NULL,
    phone_number TEXT,
    mail TEXT NOT NULL,
    password TEXT NOT NULL
);


CREATE TABLE servers (
    id UUID PRIMARY KEY DEFAULT uuid_generate_v4(),
    name TEXT NOT NULL,
    owner UUID NOT NULL REFERENCES users(id),
    invitecode TEXT NOT NULL
);


CREATE TABLE users_servers (
    id UUID PRIMARY KEY DEFAULT uuid_generate_v4(),
    user_id UUID NOT NULL,
    server_id UUID NOT NULL,
    role TEXT NOT NULL DEFAULT 'member',

    FOREIGN KEY (user_id) REFERENCES users(id) ON DELETE CASCADE,
    FOREIGN KEY (server_id) REFERENCES servers(id) ON DELETE CASCADE,

    CONSTRAINT unique_user_server UNIQUE (user_id, server_id),

    CONSTRAINT check_role
    CHECK (role IN ('owner', 'admin', 'member'))
);


CREATE TABLE channels (
    id UUID PRIMARY KEY DEFAULT uuid_generate_v4(),
    name TEXT NOT NULL,
    server_id UUID NOT NULL,

    FOREIGN KEY (server_id) REFERENCES servers(id) ON DELETE CASCADE
);

-- USERS 
INSERT INTO users (id, name, first_name, phone_number, mail, password) VALUES
('00000000-0000-0000-0000-000000000001','Martin','Lucas','0611111111','lucas.martin@mail.com','password'),
('00000000-0000-0000-0000-000000000002','Bernard','Emma','0611111112','emma.bernard@mail.com','password'),
('00000000-0000-0000-0000-000000000003','Dubois','Nathan','0611111113','nathan.dubois@mail.com','password'),
('00000000-0000-0000-0000-000000000004','Thomas','Chloé','0611111114','chloe.thomas@mail.com','password'),
('00000000-0000-0000-0000-000000000005','Robert','Hugo','0611111115','hugo.robert@mail.com','password'),
('00000000-0000-0000-0000-000000000006','Richard','Léa','0611111116','lea.richard@mail.com','password'),
('00000000-0000-0000-0000-000000000007','Petit','Gabriel','0611111117','gabriel.petit@mail.com','password'),
('00000000-0000-0000-0000-000000000008','Durand','Manon','0611111118','manon.durand@mail.com','password'),
('00000000-0000-0000-0000-000000000009','Leroy','Louis','0611111119','louis.leroy@mail.com','password'),
('00000000-0000-0000-0000-000000000010','Moreau','Camille','0611111120','camille.moreau@mail.com','password'),

('00000000-0000-0000-0000-000000000011','Simon','Arthur','0611111121','arthur.simon@mail.com','password'),
('00000000-0000-0000-0000-000000000012','Laurent','Inès','0611111122','ines.laurent@mail.com','password'),
('00000000-0000-0000-0000-000000000013','Michel','Noah','0611111123','noah.michel@mail.com','password'),
('00000000-0000-0000-0000-000000000014','Garcia','Jade','0611111124','jade.garcia@mail.com','password'),
('00000000-0000-0000-0000-000000000015','David','Adam','0611111125','adam.david@mail.com','password'),
('00000000-0000-0000-0000-000000000016','Bertrand','Lina','0611111126','lina.bertrand@mail.com','password'),
('00000000-0000-0000-0000-000000000017','Roux','Ethan','0611111127','ethan.roux@mail.com','password'),
('00000000-0000-0000-0000-000000000018','Vincent','Sarah','0611111128','sarah.vincent@mail.com','password'),
('00000000-0000-0000-0000-000000000019','Fournier','Tom','0611111129','tom.fournier@mail.com','password'),
('00000000-0000-0000-0000-000000000020','Morel','Anna','0611111130','anna.morel@mail.com','password'),

('00000000-0000-0000-0000-000000000021','Girard','Léo','0611111131','leo.girard@mail.com','password'),
('00000000-0000-0000-0000-000000000022','Andre','Eva','0611111132','eva.andre@mail.com','password'),
('00000000-0000-0000-0000-000000000023','Lefevre','Mathis','0611111133','mathis.lefevre@mail.com','password'),
('00000000-0000-0000-0000-000000000024','Mercier','Clara','0611111134','clara.mercier@mail.com','password'),
('00000000-0000-0000-0000-000000000025','Dupont','Maxime','0611111135','maxime.dupont@mail.com','password'),
('00000000-0000-0000-0000-000000000026','Lambert','Louise','0611111136','louise.lambert@mail.com','password'),
('00000000-0000-0000-0000-000000000027','Bonnet','Alex','0611111137','alex.bonnet@mail.com','password'),
('00000000-0000-0000-0000-000000000028','Francois','Zoé','0611111138','zoe.francois@mail.com','password'),
('00000000-0000-0000-0000-000000000029','Martinez','Paul','0611111139','paul.martinez@mail.com','password'),
('00000000-0000-0000-0000-000000000030','Legrand','Nina','0611111140','nina.legrand@mail.com','password');


-- Servers 
INSERT INTO servers (id, name, owner, invitecode) VALUES
('10000000-0000-0000-0000-000000000001','Dev Hub','00000000-0000-0000-0000-000000000001','DEV123'),
('10000000-0000-0000-0000-000000000002','Gaming Zone','00000000-0000-0000-0000-000000000003','GAME456'),
('10000000-0000-0000-0000-000000000003','Data Science Lab','00000000-0000-0000-0000-000000000005','DATA789'),
('10000000-0000-0000-0000-000000000004','Startup Talk','00000000-0000-0000-0000-000000000007','START321'),
('10000000-0000-0000-0000-000000000005','Study Group','00000000-0000-0000-0000-000000000009','STUDY654'),
('10000000-0000-0000-0000-000000000006','Movie Club','00000000-0000-0000-0000-000000000011','MOVIE987'),
('10000000-0000-0000-0000-000000000007','Music Lounge','00000000-0000-0000-0000-000000000013','MUSIC741');


-- -- users_servers
INSERT INTO users_servers (id, user_id, server_id, role) VALUES

('20000000-0000-0000-0000-000000000001','00000000-0000-0000-0000-000000000001','10000000-0000-0000-0000-000000000001','owner'),
('20000000-0000-0000-0000-000000000002','00000000-0000-0000-0000-000000000002','10000000-0000-0000-0000-000000000001','admin'),
('20000000-0000-0000-0000-000000000003','00000000-0000-0000-0000-000000000003','10000000-0000-0000-0000-000000000001','member'),
('20000000-0000-0000-0000-000000000004','00000000-0000-0000-0000-000000000004','10000000-0000-0000-0000-000000000001','member'),
('20000000-0000-0000-0000-000000000005','00000000-0000-0000-0000-000000000005','10000000-0000-0000-0000-000000000001','member'),

('20000000-0000-0000-0000-000000000006','00000000-0000-0000-0000-000000000003','10000000-0000-0000-0000-000000000002','owner'),
('20000000-0000-0000-0000-000000000007','00000000-0000-0000-0000-000000000006','10000000-0000-0000-0000-000000000002','admin'),
('20000000-0000-0000-0000-000000000008','00000000-0000-0000-0000-000000000007','10000000-0000-0000-0000-000000000002','member'),
('20000000-0000-0000-0000-000000000009','00000000-0000-0000-0000-000000000008','10000000-0000-0000-0000-000000000002','member'),
('20000000-0000-0000-0000-000000000010','00000000-0000-0000-0000-000000000009','10000000-0000-0000-0000-000000000002','member'),

('20000000-0000-0000-0000-000000000011','00000000-0000-0000-0000-000000000005','10000000-0000-0000-0000-000000000003','owner'),
('20000000-0000-0000-0000-000000000012','00000000-0000-0000-0000-000000000010','10000000-0000-0000-0000-000000000003','admin'),
('20000000-0000-0000-0000-000000000013','00000000-0000-0000-0000-000000000011','10000000-0000-0000-0000-000000000003','member'),
('20000000-0000-0000-0000-000000000014','00000000-0000-0000-0000-000000000012','10000000-0000-0000-0000-000000000003','member'),
('20000000-0000-0000-0000-000000000015','00000000-0000-0000-0000-000000000013','10000000-0000-0000-0000-000000000003','member'),

('20000000-0000-0000-0000-000000000016','00000000-0000-0000-0000-000000000007','10000000-0000-0000-0000-000000000004','owner'),
('20000000-0000-0000-0000-000000000017','00000000-0000-0000-0000-000000000014','10000000-0000-0000-0000-000000000004','admin'),
('20000000-0000-0000-0000-000000000018','00000000-0000-0000-0000-000000000015','10000000-0000-0000-0000-000000000004','member'),
('20000000-0000-0000-0000-000000000019','00000000-0000-0000-0000-000000000016','10000000-0000-0000-0000-000000000004','member'),

('20000000-0000-0000-0000-000000000020','00000000-0000-0000-0000-000000000009','10000000-0000-0000-0000-000000000005','owner'),
('20000000-0000-0000-0000-000000000021','00000000-0000-0000-0000-000000000017','10000000-0000-0000-0000-000000000005','admin'),
('20000000-0000-0000-0000-000000000022','00000000-0000-0000-0000-000000000018','10000000-0000-0000-0000-000000000005','member'),
('20000000-0000-0000-0000-000000000023','00000000-0000-0000-0000-000000000019','10000000-0000-0000-0000-000000000005','member'),

('20000000-0000-0000-0000-000000000024','00000000-0000-0000-0000-000000000011','10000000-0000-0000-0000-000000000006','owner'),
('20000000-0000-0000-0000-000000000025','00000000-0000-0000-0000-000000000020','10000000-0000-0000-0000-000000000006','admin'),
('20000000-0000-0000-0000-000000000026','00000000-0000-0000-0000-000000000021','10000000-0000-0000-0000-000000000006','member'),
('20000000-0000-0000-0000-000000000027','00000000-0000-0000-0000-000000000022','10000000-0000-0000-0000-000000000006','member'),

('20000000-0000-0000-0000-000000000028','00000000-0000-0000-0000-000000000013','10000000-0000-0000-0000-000000000007','owner'),
('20000000-0000-0000-0000-000000000029','00000000-0000-0000-0000-000000000023','10000000-0000-0000-0000-000000000007','admin'),
('20000000-0000-0000-0000-000000000030','00000000-0000-0000-0000-000000000024','10000000-0000-0000-0000-000000000007','member'),
('20000000-0000-0000-0000-000000000031','00000000-0000-0000-0000-000000000025','10000000-0000-0000-0000-000000000007','member'),
('20000000-0000-0000-0000-000000000032','00000000-0000-0000-0000-000000000026','10000000-0000-0000-0000-000000000007','member');


-- channels
INSERT INTO channels (id, name, server_id) VALUES
-- Tech Talk
('70000000-0000-0000-0000-000000000001', 'general', '10000000-0000-0000-0000-000000000001'),
('70000000-0000-0000-0000-000000000002', 'dev', '10000000-0000-0000-0000-000000000001'),
('70000000-0000-0000-0000-000000000003', 'help', '10000000-0000-0000-0000-000000000001'),
('70000000-0000-0000-0000-000000000004', 'random', '10000000-0000-0000-0000-000000000001'),

-- Gaming Hub
('70000000-0000-0000-0000-000000000005', 'general', '10000000-0000-0000-0000-000000000002'),
('70000000-0000-0000-0000-000000000006', 'valorant', '10000000-0000-0000-0000-000000000002'),
('70000000-0000-0000-0000-000000000007', 'minecraft', '10000000-0000-0000-0000-000000000002'),
('70000000-0000-0000-0000-000000000008', 'clips', '10000000-0000-0000-0000-000000000002'),

-- Data Science Lab
('70000000-0000-0000-0000-000000000009', 'general', '10000000-0000-0000-0000-000000000003'),
('70000000-0000-0000-0000-000000000010', 'python', '10000000-0000-0000-0000-000000000003'),
('70000000-0000-0000-0000-000000000011', 'machine-learning', '10000000-0000-0000-0000-000000000003'),
('70000000-0000-0000-0000-000000000012', 'datasets', '10000000-0000-0000-0000-000000000003'),

-- Startup Builders
('70000000-0000-0000-0000-000000000013', 'general', '10000000-0000-0000-0000-000000000004'),
('70000000-0000-0000-0000-000000000014', 'ideas', '10000000-0000-0000-0000-000000000004'),
('70000000-0000-0000-0000-000000000015', 'marketing', '10000000-0000-0000-0000-000000000004'),
('70000000-0000-0000-0000-000000000016', 'product', '10000000-0000-0000-0000-000000000004'),

-- Music Lovers
('70000000-0000-0000-0000-000000000017', 'general', '10000000-0000-0000-0000-000000000005'),
('70000000-0000-0000-0000-000000000018', 'rock', '10000000-0000-0000-0000-000000000005'),
('70000000-0000-0000-0000-000000000019', 'electronic', '10000000-0000-0000-0000-000000000005'),
('70000000-0000-0000-0000-000000000020', 'share-your-music', '10000000-0000-0000-0000-000000000005'),

-- DevOps Community
('70000000-0000-0000-0000-000000000021', 'general', '10000000-0000-0000-0000-000000000006'),
('70000000-0000-0000-0000-000000000022', 'docker', '10000000-0000-0000-0000-000000000006'),
('70000000-0000-0000-0000-000000000023', 'kubernetes', '10000000-0000-0000-0000-000000000006'),
('70000000-0000-0000-0000-000000000024', 'ci-cd', '10000000-0000-0000-0000-000000000006'),

-- Movie Club
('70000000-0000-0000-0000-000000000025', 'general', '10000000-0000-0000-0000-000000000007'),
('70000000-0000-0000-0000-000000000026', 'recommendations', '10000000-0000-0000-0000-000000000007'),
('70000000-0000-0000-0000-000000000027', 'reviews', '10000000-0000-0000-0000-000000000007'),
('70000000-0000-0000-0000-000000000028', 'watch-party', '10000000-0000-0000-0000-000000000007');